0,Agile Methodologies
0,Java
0,Software Development
1,Data Analysis
1,Data Visualization
1,Statistics
2,Cybersecurity
2,Penetration Testing
2,Vulnerability Assessments
3,Operating Systems
3,Technical Support
3,Troubleshooting
4,CSS
4,HTML
4,Web Development
5,Network Infrastructure
5,Routing Protocols
5,Troubleshooting
6,Defect Documentation
6,Software Testing
6,Test Plans
7,User Experience Design
7,User Interface Design
7,Wireframing
8,Cloud Infrastructure
8,Cloud Management
8,Cloud Security
9,Artificial Intelligence
9,Deep Learning
9,Machine Learning
